{
  "splits": {
    "train_for_model_periods": [
      202509,
      202510,
      202511,
      202512,
      202601,
      202602,
      202603,
      202604,
      202605,
      202606,
      202607,
      202608,
      202609,
      202610
    ],
    "calib_periods": [
      202611,
      202612
    ],
    "n_train_for_model": 340727,
    "n_calib": 48798,
    "n_oot": 144789
  },
  "oot_metrics_by_calibration": {
    "pd_raw": {
      "auc": 0.8590867833334452,
      "gini": 0.7181735666668905,
      "ks": 0.5483716618487999,
      "brier": 0.008207329260630914,
      "ece": 0.008792882237696878,
      "mean_pred": 0.017267282917306517,
      "base_rate": 0.00847440067960964
    },
    "pd_platt": {
      "auc": 0.8590867833334452,
      "gini": 0.7181735666668905,
      "ks": 0.5483716618487999,
      "brier": 0.007990431557723563,
      "ece": 0.0010743753728046717,
      "mean_pred": 0.009210898116436115,
      "base_rate": 0.00847440067960964
    },
    "pd_iso": {
      "auc": 0.8573197808597548,
      "gini": 0.7146395617195096,
      "ks": 0.5435161738388659,
      "brier": 0.007995632719449438,
      "ece": 0.0007850206749104489,
      "mean_pred": 0.009259421354520087,
      "base_rate": 0.00847440067960964
    }
  }
}