{
  "n_features_pool": 235,
  "n_stage1": 66,
  "n_stage2": 34,
  "n_final": 7,
  "final_features": [
    "app_nom_job_code",
    "act_age_log1p",
    "mean_cars_by_job_code",
    "app_nom_marital_status",
    "median_income_by_job_code",
    "app_nom_branch",
    "app_nom_city"
  ],
  "metrics": {
    "train": {
      "auc": 0.7938758898346447,
      "gini": 0.5877517796692895,
      "ks": 0.4518301201517804,
      "brier": 0.015378107686033909
    },
    "oot": {
      "auc": 0.8361300713104687,
      "gini": 0.6722601426209374,
      "ks": 0.5394825111384536,
      "brier": 0.008207038913770828
    }
  },
  "calib_oot_uncal": {
    "o_to_e_bin1": 0.2840862886816018,
    "o_to_e_bin2": 0.3974550460397335,
    "o_to_e_bin3": 0.3283550913400406,
    "o_to_e_bin4": 0.3975063902184139,
    "o_to_e_bin5": 0.39849470244140384,
    "o_to_e_bin6": 0.30540423575856335,
    "o_to_e_bin7": 0.33182410112591587,
    "o_to_e_bin8": 0.4106798358087753,
    "o_to_e_bin9": 0.4646362535477874,
    "o_to_e_bin10": 0.6628552849342855,
    "ece": 0.0078087578262122925,
    "n": 144789.0,
    "base_rate": 0.00847440067960964,
    "mean_pred": 0.016283158505821932
  }
}