{
  "act_age_log1p": {
    "type": "numeric",
    "feature": "act_age_log1p",
    "n_initial_bins": 20,
    "min_bin_size_frac": 0.05,
    "monotonic": true,
    "cuts": [
      3.931825638,
      3.970291853,
      3.988984108,
      4.025351524,
      4.043051243,
      4.077537537,
      4.127134323,
      4.143134594,
      4.189654827,
      4.204692841
    ],
    "bin_woe": [
      0.8387695484151534,
      0.48938026722877553,
      0.3264214913605262,
      0.20510677314768552,
      0.02754893077294686,
      -0.19532825693695668,
      -0.40486984127453857,
      -0.6430083455607825,
      -0.6657347822569074,
      -0.838966487138842,
      -1.0362050155120206
    ],
    "bin_event_rate": [
      0.039230631276901004,
      0.02797831039240222,
      0.023856742883807746,
      0.021185696728507054,
      0.017809832204886664,
      0.014299642508937277,
      0.01162517613903241,
      0.009181308849843067,
      0.00897634050647961,
      0.007554059859659172,
      0.006209869472161095
    ],
    "bin_count": [
      44608,
      31167,
      17144,
      17087,
      33970,
      33847,
      34064,
      34091,
      33644,
      27932,
      33173
    ],
    "bin_events": [
      1750,
      872,
      409,
      362,
      605,
      484,
      396,
      313,
      302,
      211,
      206
    ],
    "iv": 0.3629664354163873,
    "monotonic_trend": "descending"
  },
  "mean_cars_by_job_code": {
    "type": "numeric",
    "feature": "mean_cars_by_job_code",
    "n_initial_bins": 20,
    "min_bin_size_frac": 0.05,
    "monotonic": true,
    "cuts": [
      1.8150079250335693,
      1.816498041152954
    ],
    "bin_woe": [
      0.6245962615912024,
      0.12861401806668343,
      -0.5641039645870605
    ],
    "bin_event_rate": [
      0.03191138978006026,
      0.019675801057287733,
      0.009940519398910065
    ],
    "bin_count": [
      81977,
      74152,
      184598
    ],
    "bin_events": [
      2616,
      1459,
      1835
    ],
    "iv": 0.2650166337191864,
    "monotonic_trend": "descending"
  },
  "median_income_by_job_code": {
    "type": "numeric",
    "feature": "median_income_by_job_code",
    "n_initial_bins": 20,
    "min_bin_size_frac": 0.05,
    "monotonic": true,
    "cuts": [
      924.0
    ],
    "bin_woe": [
      -0.5641039645870605,
      0.41752650810789965
    ],
    "bin_event_rate": [
      0.009940519398910065,
      0.026100212004176036
    ],
    "bin_count": [
      184598,
      156129
    ],
    "bin_events": [
      1835,
      4075
    ],
    "iv": 0.23101346868900105,
    "monotonic_trend": "ascending"
  },
  "app_nom_job_code": {
    "type": "categorical",
    "feature": "app_nom_job_code",
    "min_bin_size_frac": 0.05,
    "category_to_bin": {
      "4": 0,
      "3": 1,
      "2": 2,
      "1": 2
    },
    "bin_categories": [
      [
        "4"
      ],
      [
        "3"
      ],
      [
        "2",
        "1"
      ]
    ],
    "bin_woe": [
      -0.5641039645870605,
      -0.4210412641988211,
      0.7678060871882887
    ],
    "bin_event_rate": [
      0.009940519398910065,
      0.01144746105108506,
      0.03664621586791061
    ],
    "bin_count": [
      184598,
      65342,
      90787
    ],
    "bin_events": [
      1835,
      748,
      3327
    ],
    "iv": 0.392326535259817
  },
  "app_nom_marital_status": {
    "type": "categorical",
    "feature": "app_nom_marital_status",
    "min_bin_size_frac": 0.05,
    "category_to_bin": {
      "3": 0,
      "4": 1,
      "2": 2,
      "1": 2
    },
    "bin_categories": [
      [
        "3"
      ],
      [
        "4"
      ],
      [
        "2",
        "1"
      ]
    ],
    "bin_woe": [
      -0.908572525551234,
      -0.3540578873080306,
      0.6301445797972234
    ],
    "bin_event_rate": [
      0.007053393148873272,
      0.012236410783306425,
      0.03208419416204717
    ],
    "bin_count": [
      38563,
      204390,
      97774
    ],
    "bin_events": [
      272,
      2501,
      3137
    ],
    "iv": 0.2820408617150215
  },
  "app_nom_branch": {
    "type": "categorical",
    "feature": "app_nom_branch",
    "min_bin_size_frac": 0.05,
    "category_to_bin": {
      "4": 0,
      "3": 1,
      "2": 2,
      "1": 3
    },
    "bin_categories": [
      [
        "4"
      ],
      [
        "3"
      ],
      [
        "2"
      ],
      [
        "1"
      ]
    ],
    "bin_woe": [
      -0.23682149795692475,
      -0.09715005342632116,
      0.10658963257905674,
      0.20332834835801472
    ],
    "bin_event_rate": [
      0.013732538706524139,
      0.015763069882063017,
      0.019257548782852407,
      0.021167287281706127
    ],
    "bin_count": [
      63426,
      113620,
      113462,
      50219
    ],
    "bin_events": [
      871,
      1791,
      2185,
      1063
    ],
    "iv": 0.023049576540407873
  },
  "app_nom_city": {
    "type": "categorical",
    "feature": "app_nom_city",
    "min_bin_size_frac": 0.05,
    "category_to_bin": {
      "4": 0,
      "3": 1,
      "2": 2,
      "1": 3
    },
    "bin_categories": [
      [
        "4"
      ],
      [
        "3"
      ],
      [
        "2"
      ],
      [
        "1"
      ]
    ],
    "bin_woe": [
      -0.2072853856409518,
      -0.08281587165895918,
      0.06595781915048665,
      0.19154449233121174
    ],
    "bin_event_rate": [
      0.014137656125431837,
      0.01598708398045048,
      0.018504772004241783,
      0.020925553319919517
    ],
    "bin_count": [
      56445,
      113967,
      113160,
      57155
    ],
    "bin_events": [
      798,
      1822,
      2094,
      1196
    ],
    "iv": 0.016904829239185203
  }
}