{
  "splits": {
    "train_for_model_periods": [
      202509,
      202510,
      202511,
      202512,
      202513,
      202514,
      202515,
      202516,
      202517,
      202518,
      202519,
      202520,
      202521,
      202522,
      202523,
      202524,
      202525,
      202526,
      202527,
      202528,
      202529,
      202530,
      202531,
      202532,
      202533,
      202534,
      202535,
      202536,
      202537,
      202538,
      202539,
      202540,
      202541,
      202542,
      202543,
      202544,
      202545,
      202546,
      202547,
      202548,
      202549,
      202550,
      202551,
      202552,
      202553,
      202554,
      202555,
      202556,
      202557,
      202558,
      202559,
      202560,
      202561,
      202562,
      202563,
      202564,
      202565,
      202566,
      202567,
      202568,
      202569,
      202570,
      202571,
      202572,
      202573,
      202574,
      202575,
      202576,
      202577,
      202578,
      202579,
      202580,
      202581,
      202582,
      202583,
      202584,
      202585,
      202586,
      202587,
      202588,
      202589,
      202590,
      202591,
      202592,
      202593,
      202594,
      202595,
      202596,
      202597,
      202598,
      202599,
      202600,
      202601,
      202602,
      202603,
      202604,
      202605,
      202606,
      202607,
      202608,
      202609,
      202610
    ],
    "calib_periods": [
      202611,
      202612
    ],
    "n_train_for_model": 340727,
    "n_calib": 48798,
    "n_oot": 144789
  },
  "features": [
    "app_nom_job_code",
    "act_age_log1p",
    "mean_cars_by_job_code",
    "app_nom_marital_status",
    "median_income_by_job_code",
    "app_nom_branch",
    "app_nom_city"
  ],
  "scorecard_constants": {
    "factor": 28.85390081777927,
    "base_score": 300.0,
    "pdo": 20.0,
    "base_odds": 0.02
  },
  "iv_per_feature": {
    "app_nom_job_code": 0.392326535259817,
    "act_age_log1p": 0.3629664354163873,
    "mean_cars_by_job_code": 0.2650166337191864,
    "app_nom_marital_status": 0.2820408617150215,
    "median_income_by_job_code": 0.23101346868900105,
    "app_nom_branch": 0.023049576540407873,
    "app_nom_city": 0.016904829239185203
  },
  "model_betas": {
    "const": -3.1966175044408596,
    "app_nom_job_code_woe": 0.7429653201448783,
    "act_age_log1p_woe": 0.49951788402221453,
    "mean_cars_by_job_code_woe": 1.1631408641265562,
    "app_nom_marital_status_woe": 1.1083409569214642,
    "median_income_by_job_code_woe": -1.3346638412338072,
    "app_nom_branch_woe": 1.0645650626361318,
    "app_nom_city_woe": 1.0489237003872836
  },
  "model_pvalues": {
    "const": NaN,
    "app_nom_job_code_woe": 4.835156883842548e-236,
    "act_age_log1p_woe": 9.103665599363932e-91,
    "mean_cars_by_job_code_woe": 0.0,
    "app_nom_marital_status_woe": 0.0,
    "median_income_by_job_code_woe": NaN,
    "app_nom_branch_woe": 3.7334718854478055e-33,
    "app_nom_city_woe": 2.5008587063030303e-24
  },
  "oot_metrics": {
    "scorecard_raw": {
      "auc": 0.7993850987962152,
      "gini": 0.5987701975924304,
      "ks": 0.47683077660592804,
      "brier": 0.008243587562995423,
      "ece": 0.008825486493237378,
      "mean_pred": 0.017299887172847018,
      "base_rate": 0.00847440067960964
    },
    "scorecard_platt": {
      "auc": 0.7993850987962152,
      "gini": 0.5987701975924304,
      "ks": 0.47683077660592804,
      "brier": 0.008111177414866923,
      "ece": 0.0019968373248916574,
      "mean_pred": 0.009155539644542413,
      "base_rate": 0.00847440067960964
    },
    "ref_lr_no_f6e_raw": {
      "auc": 0.8361300713104687,
      "gini": 0.6722601426209374,
      "ks": 0.5394825111384536,
      "brier": 0.008207038913770828
    },
    "ref_lr_full_f6e_platt": {
      "auc": 0.8590867833334452,
      "gini": 0.7181735666668905,
      "ks": 0.5483716618487999,
      "brier": 0.007990431557723563,
      "ece": 0.0010743753728046717,
      "mean_pred": 0.009210898116436115,
      "base_rate": 0.00847440067960964
    },
    "ref_lightgbm_platt": {
      "auc": 0.8975414238502566,
      "gini": 0.7950828477005132,
      "ks": 0.6379857042078103,
      "brier": 0.0078759951349486,
      "ece": 0.0012395330136879658,
      "mean_pred": 0.009386457832281243,
      "base_rate": 0.00847440067960964
    }
  },
  "acceptance": {
    "gini_drop_vs_lr_no_f6e_raw": 0.07348994502850692,
    "gini_drop_vs_lr_no_f6e_platt": 0.07348994502850692,
    "tier_raw": "acceptable (0.05-0.10)",
    "tier_platt": "acceptable (0.05-0.10)"
  }
}