{
  "train": {
    "gini": 0.6410536039484025,
    "ks": 0.48110621106021684,
    "brier": 0.015219356754642983,
    "auc": 0.8205268019742012
  },
  "oot": {
    "gini": 0.7181197604272356,
    "ks": 0.5475497513848578,
    "brier": 0.00815718374553534,
    "auc": 0.8590598802136178
  }
}