feature,train_mean,oot_mean,train_median,oot_median,train_std,oot_std,smd,psi
app_income,2389.9858,2381.5791,1605.0,1596.0,2203.197,2206.1151,-0.003813,7e-05
app_loan_amount,4855.5051,4862.7795,3816.0,3816.0,3505.3458,3508.1156,0.002074,4.1e-05
app_n_installments,19.5654,19.565,12.0,12.0,9.3799,9.3679,-4.5e-05,4e-06
app_number_of_children,0.4272,0.4255,0.0,0.0,0.6962,0.6931,-0.002548,5.4e-05
app_spendings,1050.2795,1046.5878,688.0,684.0,1013.2954,1015.3206,-0.00364,0.000106
act_age,58.057,58.056,58.0,58.0,6.2436,6.2329,-0.000162,7.3e-05
