{
  "optimistic_base": {
    "pd_multiplier": 1.0,
    "apr_strategy": "tiered_uncapped",
    "cost_of_funds_annual": 0.0,
    "acquisition_cost": 0,
    "lgd": 0.55,
    "mean_pd_stressed": 0.009486005638501386,
    "mean_LT_EL": 53.26762913062817,
    "mean_LT_margin": 1556.019970292922,
    "mean_Expected_Profit": 1502.7523411622935,
    "total_Expected_Profit": 354601464.4393841,
    "share_profit_gt_0": 1.0,
    "k_star_approve_pct": 100.0,
    "cutoff_pd_star": 0.19155113956429146,
    "max_total_profit_at_k_star": 354601464.43938994,
    "youden_approve_pct_full": 79.40568212639002,
    "cutoff_gap_profit_minus_youden": 20.59431787360998,
    "category": "approve_all"
  },
  "realistic_central": {
    "pd_multiplier": 2.0,
    "apr_strategy": "tiered_cap_24",
    "cost_of_funds_annual": 0.03,
    "acquisition_cost": 250,
    "lgd": 0.65,
    "mean_pd_stressed": 0.018972011277002772,
    "mean_LT_EL": 122.31042144264872,
    "mean_LT_margin": 1371.9466981041398,
    "mean_Expected_Profit": 999.6362766614911,
    "total_Expected_Profit": 235882172.93125874,
    "share_profit_gt_0": 0.9668344860320044,
    "k_star_approve_pct": 99.25328858150257,
    "cutoff_pd_star": 0.24325345252554292,
    "max_total_profit_at_k_star": 236363994.03389952,
    "youden_approve_pct_full": 79.40568212639002,
    "cutoff_gap_profit_minus_youden": 19.847606455112555,
    "category": "approve_all"
  },
  "adverse_stress": {
    "pd_multiplier": 5.0,
    "apr_strategy": "flat_18",
    "cost_of_funds_annual": 0.06,
    "acquisition_cost": 500,
    "lgd": 0.85,
    "mean_pd_stressed": 0.04743002819250693,
    "mean_LT_EL": 368.6386483119439,
    "mean_LT_margin": 1169.231847481611,
    "mean_Expected_Profit": 300.5931991696673,
    "total_Expected_Profit": 70930376.02166805,
    "share_profit_gt_0": 0.6726123881204231,
    "k_star_approve_pct": 84.73098047192839,
    "cutoff_pd_star": 0.0766480532442391,
    "max_total_profit_at_k_star": 112939775.58781753,
    "youden_approve_pct_full": 79.40568212639002,
    "cutoff_gap_profit_minus_youden": 5.325298345538371,
    "category": "interior"
  }
}