aid,n_installments,loan_amount,pd_12m,default_flag_12m,apr_locked,lgd,monthly_hazard,marginal_pd_sum_to_n,marginal_pd_sum_to_12,amortization_final_balance,amortization_total_interest,amortization_total_principal,LT_EL,LT_margin,Expected_Profit,ASB_one_period_profit,chk_LT_EL_positive,chk_LT_EL_lt_loanXLGD,chk_LT_margin_positive,chk_no_double_counting
ins202511090588,12,3372.0,0.0005076031144341821,0,0.12,0.65,4.2310103944620536e-05,0.0005076031144338048,0.0005076031144338048,3.410605131648481e-13,223.17738508041882,3371.9999999999986,0.6136764887033348,223.14236716694379,222.52869067824045,403.32203896955855,True,True,True,True
ins202509170614,12,2052.0,0.02377696698570225,0,0.26,0.65,0.00200334073241093,0.02377696698570256,0.02377696698570256,6.423306331271306e-12,300.3341426980859,2051.999999999993,17.914992359776342,298.0852943941703,280.17030203439396,489.1207940082585,True,True,True,True
ins202601250201,24,2928.0,0.010335799546133386,0,0.22,0.65,0.0008654240421407389,0.020564770340008337,0.01033579954613309,-4.007461029686965e-12,717.5816834056859,2928.0000000000045,21.86678972325065,712.6628999735658,690.7961102503151,617.8309976681617,True,True,True,True
ins202511210066,36,13896.0,0.0014796720353784318,0,0.12,0.65,0.00012338970612424394,0.004432451057775864,0.00147967203537845,1.892885848064907e-11,2719.6577697376906,13895.999999999987,21.780224812600622,2715.626710342572,2693.8464855299717,1651.6876275952136,True,True,True,True
ins202509270615,36,3312.0,0.041417391502781654,0,0.26,0.65,0.00351875586979411,0.1191770209582531,0.04141739150278185,1.1084466677857563e-11,1491.9312689915291,3311.9999999999877,150.8207503867429,1428.7317825544187,1277.9110321676758,736.2912954019363,True,True,True,True
