anchor,op_cost_annual,mean_profit,total_profit,share_profit_gt_0,k_star_approve_pct,max_total_profit_at_k_star
realistic_central_boundary,0.0,999.6362766614911,235882172.93125874,0.9668344860320044,99.25328858150257,236363994.03389952
realistic_central_boundary,0.01,821.1047935930297,193754455.93456003,0.9306007594250068,98.88544209384324,194498265.45177427
realistic_central_boundary,0.02,642.5733105245682,151626738.93786132,0.8742456604285327,98.68499118524545,152731726.7443019
realistic_central_boundary,0.04,285.5103443876456,67371304.94446395,0.5289530783835096,97.80648223487931,69576649.90306623
adverse_stress,0.0,300.5931991696673,70930376.02166805,0.6726123881204231,84.73098047192839,112939775.58781753
adverse_stress,0.01,127.83284096342177,30164459.81645671,0.5918005831299159,81.16227624084621,77828640.53070146
adverse_stress,0.02,-44.92751724282374,-10601456.388754632,0.48076857879034446,74.91270002712233,44681496.096245125
adverse_stress,0.04,-390.44823365531477,-92133288.79917732,0.19042836316788717,0.41700569568755086,5093.899209263803
