tenor,n_rows,mean_pd,mean_loan_amount,mean_LT_EL,mean_LT_margin,mean_Expected_Profit,total_Expected_Profit,share_profit_gt_0
24m,135115,0.009513928392665108,5946.514006586982,40.887569321195336,1006.132880722576,965.2453114013808,130419120.24999757,1.0
36m,100853,0.009448596905703837,8944.291077112233,92.51373386998223,2292.715895127059,2200.202161257077,221896988.56925997,1.0
24m+36m,235968,0.009486005638501386,7227.767443043124,62.952652608924204,1556.019970292922,1493.0673176839973,352316108.8192575,1.0
