,o_to_e_bin1,o_to_e_bin2,o_to_e_bin3,o_to_e_bin4,o_to_e_bin5,o_to_e_bin6,o_to_e_bin7,o_to_e_bin8,o_to_e_bin9,o_to_e_bin10
LightGBM Platt (PRIMARY),0.0,1.6849516823264756,2.2770303878232454,1.726175083570564,1.3276591480231579,1.3229066877662687,1.4453535320765782,1.759881859302651,1.6570899125601648,2.3117604983902234
LR full-F6E Platt,0.0,0.3084319524992517,0.6448549099732371,0.7523780060709815,0.8511526549148717,0.6026814286824981,0.8263027017062652,0.8420258783421001,0.8425809889539982,1.0482776847600752
LR no-F6E Platt,0.5743378243993011,0.8498780493055189,0.69827440707981,0.7988674458938438,0.8402024869839629,0.6181474440508836,0.646926080913495,0.782154934871258,0.8724181702066981,1.0622592586288793
Scorecard no-F6E Platt,4.6273481821003095,3.07810878136529,4.019844923657272,2.714354520430196,1.7712137587206787,1.7290322551749637,1.5935179157167574,1.6335307587677752,1.3025416558717404,2.4161368234044556
Stressed Gini 0.60,20.95189105951705,30.380954004572807,18.434439263382476,9.279263972305527,6.771233788346397,6.2240981877158275,3.2951424709375536,2.8953663880006957,1.7377148502650785,0.5325354445661836
Stressed Gini 0.45,2660.3122341334824,903.2845315473628,315.33755333788724,163.3057360647553,71.10504021547426,45.97899072938215,17.528916697095823,9.401088155052324,3.144234326295289,0.323810176886478
Stressed Gini 0.30,1031021.262636138,114532.09263539486,20579.750284613965,5342.661875454805,1570.0165531931775,451.5162831074735,150.11652886795966,40.58299762311961,6.746665297419512,0.20302492929371557
