{
  "n_features": 22,
  "features": [
    "app_nom_job_code",
    "synth_age_of_newest",
    "synth_newest_account_months",
    "synth_avg_account_age",
    "synth_oldest_mortgage_months",
    "synth_seg_app_nom_job_code_top1",
    "synth_credit_age_years",
    "marital_x_n_children",
    "synth_int_inc_x_nchildren",
    "synth_oldest_tradeline_v1",
    "synth_oldest_card_months",
    "synth_n_late_90",
    "synth_avg_account_age_months",
    "synth_seg_app_nom_marital_status_top2",
    "synth_n_card_lines",
    "synth_oldest_installment_months",
    "median_income_by_job_code",
    "synth_n_auto_lines",
    "synth_n_late_30",
    "synth_n_installment_lines",
    "app_nom_branch",
    "app_nom_city"
  ],
  "iv_per_feature": {
    "app_nom_job_code": 0.392326535259817,
    "synth_age_of_newest": 0.2584509982223636,
    "synth_newest_account_months": 0.20079577836578022,
    "synth_avg_account_age": 0.1818510982216396,
    "synth_oldest_mortgage_months": 0.17896597919136767,
    "synth_seg_app_nom_job_code_top1": 0.23101346868900105,
    "synth_credit_age_years": 0.1707710696772479,
    "marital_x_n_children": 0.3936862742297218,
    "synth_int_inc_x_nchildren": 0.3299065488253843,
    "synth_oldest_tradeline_v1": 0.14060245438632332,
    "synth_oldest_card_months": 0.11012379707117403,
    "synth_n_late_90": 0.09940795869843469,
    "synth_avg_account_age_months": 0.09712749035155993,
    "synth_seg_app_nom_marital_status_top2": 0.1303755214105204,
    "synth_n_card_lines": 0.07552774564308337,
    "synth_oldest_installment_months": 0.07381876763523403,
    "median_income_by_job_code": 0.23101346868900105,
    "synth_n_auto_lines": 0.048093103928998245,
    "synth_n_late_30": 0.04527738152792417,
    "synth_n_installment_lines": 0.028475942903715298,
    "app_nom_branch": 0.023049576540407873,
    "app_nom_city": 0.016904829239185203
  },
  "betas": {
    "app_nom_job_code": 0.9353371847290866,
    "synth_age_of_newest": 0.2530059899753062,
    "synth_newest_account_months": 0.14810221124759584,
    "synth_avg_account_age": 0.14122913364268838,
    "synth_oldest_mortgage_months": 0.23542116964486848,
    "synth_seg_app_nom_job_code_top1": 0.6569191232791973,
    "synth_credit_age_years": 0.18081013262733325,
    "marital_x_n_children": 0.5243587072037931,
    "synth_int_inc_x_nchildren": 1.9949982577644805,
    "synth_oldest_tradeline_v1": 0.14671763003012284,
    "synth_oldest_card_months": 0.11588891759921469,
    "synth_n_late_90": 0.595195403299831,
    "synth_avg_account_age_months": 0.10836379319306604,
    "synth_seg_app_nom_marital_status_top2": -0.5796238076790201,
    "synth_n_card_lines": 0.08513278367792412,
    "synth_oldest_installment_months": 0.17143502533078314,
    "median_income_by_job_code": -0.4862165911498791,
    "synth_n_auto_lines": 0.1073334839574883,
    "synth_n_late_30": 0.5402949176432865,
    "synth_n_installment_lines": 0.14662754219168694,
    "app_nom_branch": 1.035777385402418,
    "app_nom_city": 1.0588349963137378
  },
  "intercept": -1.1645332760256424,
  "oot_metrics": {
    "raw": {
      "auc": 0.8165684035750006,
      "gini": 0.6331368071500012,
      "ks": 0.47443698366830184,
      "brier": 0.00838090232932432,
      "ece": 0.008718832242664717,
      "mean_pred": 0.017193232922274357,
      "base_rate": 0.00847440067960964
    },
    "platt": {
      "auc": 0.8165684035750006,
      "gini": 0.6331368071500012,
      "ks": 0.47443698366830184,
      "brier": 0.008226218640056447,
      "ece": 0.0010429689684640748,
      "mean_pred": 0.009308101332192177,
      "base_rate": 0.00847440067960964
    }
  }
}