{
  "n_trials": 30,
  "best_trial": 4,
  "best_value": 0.8681678371209388,
  "best_params": {
    "learning_rate": 0.03912141628549695,
    "num_leaves": 20,
    "min_child_samples": 213,
    "reg_alpha": 0.004809461967501573,
    "reg_lambda": 0.0018205657658407262,
    "feature_fraction": 0.9744427686266666,
    "bagging_fraction": 0.9828160165372797
  },
  "post_refit_best_iteration": 141,
  "post_refit_best_val_auc": 0.8681678371209388,
  "scale_pos_weight": 56.652622673434855,
  "splits": {
    "train_for_model_periods": [
      202509,
      202510,
      202511,
      202512,
      202513,
      202514,
      202515,
      202516,
      202517,
      202518,
      202519,
      202520,
      202521,
      202522,
      202523,
      202524,
      202525,
      202526,
      202527,
      202528,
      202529,
      202530,
      202531,
      202532,
      202533,
      202534,
      202535,
      202536,
      202537,
      202538,
      202539,
      202540,
      202541,
      202542,
      202543,
      202544,
      202545,
      202546,
      202547,
      202548,
      202549,
      202550,
      202551,
      202552,
      202553,
      202554,
      202555,
      202556,
      202557,
      202558,
      202559,
      202560,
      202561,
      202562,
      202563,
      202564,
      202565,
      202566,
      202567,
      202568,
      202569,
      202570,
      202571,
      202572,
      202573,
      202574,
      202575,
      202576,
      202577,
      202578,
      202579,
      202580,
      202581,
      202582,
      202583,
      202584,
      202585,
      202586,
      202587,
      202588,
      202589,
      202590,
      202591,
      202592,
      202593,
      202594,
      202595,
      202596,
      202597,
      202598,
      202599,
      202600,
      202601,
      202602,
      202603,
      202604,
      202605,
      202606,
      202607,
      202608,
      202609,
      202610
    ],
    "calib_periods": [
      202611,
      202612
    ],
    "n_train": 340727,
    "n_val": 48798,
    "n_oot": 144789
  },
  "oot_metrics": {
    "pd_lgb_raw": {
      "auc": 0.8975414238502566,
      "gini": 0.7950828477005132,
      "ks": 0.6379857042078103,
      "brier": 0.1435501740267036,
      "ece": 0.2886131198946379,
      "mean_pred": 0.29708752057424753,
      "base_rate": 0.00847440067960964
    },
    "pd_lgb_platt": {
      "auc": 0.8975414238502566,
      "gini": 0.7950828477005132,
      "ks": 0.6379857042078103,
      "brier": 0.0078759951349486,
      "ece": 0.0012395330136879658,
      "mean_pred": 0.009386457832281243,
      "base_rate": 0.00847440067960964
    },
    "pd_lgb_iso": {
      "auc": 0.8962510959515806,
      "gini": 0.7925021919031612,
      "ks": 0.634363695005615,
      "brier": 0.007829984616826467,
      "ece": 0.0009056684629197875,
      "mean_pred": 0.009311721244324144,
      "base_rate": 0.00847440067960964
    }
  },
  "verification_gates": {
    "best_iteration_gt_50": true,
    "f6d_in_top20_zero": true,
    "oot_gini_in_range": false
  },
  "f6d_in_top20": [],
  "trials": [
    {
      "trial": 0,
      "value": 0.86316726315677,
      "params": {
        "learning_rate": 0.023688639503640783,
        "num_leaves": 122,
        "min_child_samples": 348,
        "reg_alpha": 0.24810409748678125,
        "reg_lambda": 0.004207988669606638,
        "feature_fraction": 0.5779972601681014,
        "bagging_fraction": 0.5290418060840998
      },
      "state": "TrialState.COMPLETE"
    },
    {
      "trial": 1,
      "value": 0.8542601556000122,
      "params": {
        "learning_rate": 0.07348118405270448,
        "num_leaves": 82,
        "min_child_samples": 317,
        "reg_alpha": 0.0012087541473056963,
        "reg_lambda": 7.579479953348009,
        "feature_fraction": 0.9162213204002109,
        "bagging_fraction": 0.6061695553391381
      },
      "state": "TrialState.COMPLETE"
    },
    {
      "trial": 2,
      "value": 0.8657789033152198,
      "params": {
        "learning_rate": 0.015199348301309814,
        "num_leaves": 35,
        "min_child_samples": 65,
        "reg_alpha": 0.12561043700013558,
        "reg_lambda": 0.05342937261279776,
        "feature_fraction": 0.645614570099021,
        "bagging_fraction": 0.8059264473611898
      },
      "state": "TrialState.COMPLETE"
    },
    {
      "trial": 3,
      "value": 0.8672677017039192,
      "params": {
        "learning_rate": 0.013787764619353767,
        "num_leaves": 48,
        "min_child_samples": 83,
        "reg_alpha": 0.06672367170464207,
        "reg_lambda": 1.382623217936987,
        "feature_fraction": 0.5998368910791798,
        "bagging_fraction": 0.7571172192068059
      },
      "state": "TrialState.COMPLETE"
    },
    {
      "trial": 4,
      "value": 0.8681678371209388,
      "params": {
        "learning_rate": 0.03912141628549695,
        "num_leaves": 20,
        "min_child_samples": 213,
        "reg_alpha": 0.004809461967501573,
        "reg_lambda": 0.0018205657658407262,
        "feature_fraction": 0.9744427686266666,
        "bagging_fraction": 0.9828160165372797
      },
      "state": "TrialState.COMPLETE"
    },
    {
      "trial": 5,
      "value": 0.8601556825640142,
      "params": {
        "learning_rate": 0.06432759992849894,
        "num_leaves": 49,
        "min_child_samples": 29,
        "reg_alpha": 0.5456725485601477,
        "reg_lambda": 0.057624872164786026,
        "feature_fraction": 0.5610191174223894,
        "bagging_fraction": 0.7475884550556351
      },
      "state": "TrialState.COMPLETE"
    },
    {
      "trial": 6,
      "value": 0.8645134074865383,
      "params": {
        "learning_rate": 0.01082401838150096,
        "num_leaves": 117,
        "min_child_samples": 54,
        "reg_alpha": 0.4467752817973907,
        "reg_lambda": 0.017654048052495083,
        "feature_fraction": 0.7600340105889054,
        "bagging_fraction": 0.7733551396716398
      },
      "state": "TrialState.COMPLETE"
    },
    {
      "trial": 7,
      "value": 0.8642670592217743,
      "params": {
        "learning_rate": 0.015305744365500184,
        "num_leaves": 124,
        "min_child_samples": 413,
        "reg_alpha": 5.727904470799623,
        "reg_lambda": 3.7958531426706403,
        "feature_fraction": 0.7989499894055425,
        "bagging_fraction": 0.9609371175115584
      },
      "state": "TrialState.COMPLETE"
    },
    {
      "trial": 8,
      "value": 0.8669002087046539,
      "params": {
        "learning_rate": 0.0424382262923376,
        "num_leaves": 15,
        "min_child_samples": 887,
        "reg_alpha": 0.0017171001253390695,
        "reg_lambda": 0.0011433086799505468,
        "feature_fraction": 0.9538323976412588,
        "bagging_fraction": 0.9865414816433805
      },
      "state": "TrialState.COMPLETE"
    },
    {
      "trial": 9,
      "value": 0.862101611424469,
      "params": {
        "learning_rate": 0.03403347918282687,
        "num_leaves": 85,
        "min_child_samples": 170,
        "reg_alpha": 0.009879264177328461,
        "reg_lambda": 0.614643924786242,
        "feature_fraction": 0.8390154384272811,
        "bagging_fraction": 0.8906122256431744
      },
      "state": "TrialState.COMPLETE"
    },
    {
      "trial": 10,
      "value": 0.8582364454451759,
      "params": {
        "learning_rate": 0.09667465248362028,
        "num_leaves": 17,
        "min_child_samples": 161,
        "reg_alpha": 0.011977191063416933,
        "reg_lambda": 0.0010743170796548788,
        "feature_fraction": 0.9745177596402149,
        "bagging_fraction": 0.8741136145796082
      },
      "state": "TrialState.COMPLETE"
    },
    {
      "trial": 11,
      "value": 0.8657938772905424,
      "params": {
        "learning_rate": 0.02381440576265857,
        "num_leaves": 53,
        "min_child_samples": 78,
        "reg_alpha": 0.018545215949688307,
        "reg_lambda": 0.3749626781075008,